Designator,Mid X,Mid Y,Rotation,Layer
AE2,69.0,-61.0,90.0,top
BT1,115.0725,-51.0,180.0,bottom
C23,71.96,-59.1,0.0,top
H1,122.0,-51.0,0.0,top
H2,148.0,-51.0,0.0,top
H3,96.0,-51.0,0.0,top
J2,77.065206,-59.048057,0.0,top
